{
  "test/MAE": 0.2718785105044396,
  "test/RMSE": 0.49922598284657027
}